{
    "calibration_function": {
        "type": "exponential",
        "coefficients": [
            0.2148404520852838,
            6.074343597259472,
            -0.5168538697483445
        ]
    },
    "depth_range": {
        "min": 0.3020133972167969,
        "max": 92.84512329101562
    }
}